ImageName,Label
hiragana-dataset/hiragana_images/kanaA0.jpg,A
hiragana-dataset/hiragana_images/kanaA1.jpg,A
hiragana-dataset/hiragana_images/kanaA10.jpg,A
hiragana-dataset/hiragana_images/kanaA11.jpg,A
hiragana-dataset/hiragana_images/kanaA12.jpg,A
hiragana-dataset/hiragana_images/kanaA13.jpg,A
hiragana-dataset/hiragana_images/kanaA14.jpg,A
hiragana-dataset/hiragana_images/kanaA15.jpg,A
hiragana-dataset/hiragana_images/kanaA16.jpg,A
hiragana-dataset/hiragana_images/kanaA17.jpg,A
hiragana-dataset/hiragana_images/kanaA18.jpg,A
hiragana-dataset/hiragana_images/kanaA19.jpg,A
hiragana-dataset/hiragana_images/kanaA2.jpg,A
hiragana-dataset/hiragana_images/kanaA3.jpg,A
hiragana-dataset/hiragana_images/kanaA4.jpg,A
hiragana-dataset/hiragana_images/kanaA5.jpg,A
hiragana-dataset/hiragana_images/kanaA6.jpg,A
hiragana-dataset/hiragana_images/kanaA7.jpg,A
hiragana-dataset/hiragana_images/kanaA8.jpg,A
hiragana-dataset/hiragana_images/kanaA9.jpg,A
hiragana-dataset/hiragana_images/kanaBA0.jpg,BA
hiragana-dataset/hiragana_images/kanaBA1.jpg,BA
hiragana-dataset/hiragana_images/kanaBA10.jpg,BA
hiragana-dataset/hiragana_images/kanaBA11.jpg,BA
hiragana-dataset/hiragana_images/kanaBA12.jpg,BA
hiragana-dataset/hiragana_images/kanaBA13.jpg,BA
hiragana-dataset/hiragana_images/kanaBA14.jpg,BA
hiragana-dataset/hiragana_images/kanaBA15.jpg,BA
hiragana-dataset/hiragana_images/kanaBA16.jpg,BA
hiragana-dataset/hiragana_images/kanaBA17.jpg,BA
hiragana-dataset/hiragana_images/kanaBA18.jpg,BA
hiragana-dataset/hiragana_images/kanaBA19.jpg,BA
hiragana-dataset/hiragana_images/kanaBA2.jpg,BA
hiragana-dataset/hiragana_images/kanaBA3.jpg,BA
hiragana-dataset/hiragana_images/kanaBA4.jpg,BA
hiragana-dataset/hiragana_images/kanaBA5.jpg,BA
hiragana-dataset/hiragana_images/kanaBA6.jpg,BA
hiragana-dataset/hiragana_images/kanaBA7.jpg,BA
hiragana-dataset/hiragana_images/kanaBA8.jpg,BA
hiragana-dataset/hiragana_images/kanaBA9.jpg,BA
hiragana-dataset/hiragana_images/kanaCHI0.jpg,CHI
hiragana-dataset/hiragana_images/kanaCHI1.jpg,CHI
hiragana-dataset/hiragana_images/kanaCHI10.jpg,CHI
hiragana-dataset/hiragana_images/kanaCHI11.jpg,CHI
hiragana-dataset/hiragana_images/kanaCHI12.jpg,CHI
hiragana-dataset/hiragana_images/kanaCHI13.jpg,CHI
hiragana-dataset/hiragana_images/kanaCHI14.jpg,CHI
hiragana-dataset/hiragana_images/kanaCHI15.jpg,CHI
hiragana-dataset/hiragana_images/kanaCHI16.jpg,CHI
hiragana-dataset/hiragana_images/kanaCHI17.jpg,CHI
hiragana-dataset/hiragana_images/kanaCHI18.jpg,CHI
hiragana-dataset/hiragana_images/kanaCHI19.jpg,CHI
hiragana-dataset/hiragana_images/kanaCHI2.jpg,CHI
hiragana-dataset/hiragana_images/kanaCHI3.jpg,CHI
hiragana-dataset/hiragana_images/kanaCHI4.jpg,CHI
hiragana-dataset/hiragana_images/kanaCHI5.jpg,CHI
hiragana-dataset/hiragana_images/kanaCHI6.jpg,CHI
hiragana-dataset/hiragana_images/kanaCHI7.jpg,CHI
hiragana-dataset/hiragana_images/kanaCHI8.jpg,CHI
hiragana-dataset/hiragana_images/kanaCHI9.jpg,CHI
hiragana-dataset/hiragana_images/kanaDA0.jpg,DA
hiragana-dataset/hiragana_images/kanaDA1.jpg,DA
hiragana-dataset/hiragana_images/kanaDA10.jpg,DA
hiragana-dataset/hiragana_images/kanaDA11.jpg,DA
hiragana-dataset/hiragana_images/kanaDA12.jpg,DA
hiragana-dataset/hiragana_images/kanaDA13.jpg,DA
hiragana-dataset/hiragana_images/kanaDA14.jpg,DA
hiragana-dataset/hiragana_images/kanaDA15.jpg,DA
hiragana-dataset/hiragana_images/kanaDA16.jpg,DA
hiragana-dataset/hiragana_images/kanaDA17.jpg,DA
hiragana-dataset/hiragana_images/kanaDA18.jpg,DA
hiragana-dataset/hiragana_images/kanaDA19.jpg,DA
hiragana-dataset/hiragana_images/kanaDA2.jpg,DA
hiragana-dataset/hiragana_images/kanaDA3.jpg,DA
hiragana-dataset/hiragana_images/kanaDA4.jpg,DA
hiragana-dataset/hiragana_images/kanaDA5.jpg,DA
hiragana-dataset/hiragana_images/kanaDA6.jpg,DA
hiragana-dataset/hiragana_images/kanaDA7.jpg,DA
hiragana-dataset/hiragana_images/kanaDA8.jpg,DA
hiragana-dataset/hiragana_images/kanaDA9.jpg,DA
hiragana-dataset/hiragana_images/kanaE0.jpg,E
hiragana-dataset/hiragana_images/kanaE1.jpg,E
hiragana-dataset/hiragana_images/kanaE10.jpg,E
hiragana-dataset/hiragana_images/kanaE11.jpg,E
hiragana-dataset/hiragana_images/kanaE12.jpg,E
hiragana-dataset/hiragana_images/kanaE13.jpg,E
hiragana-dataset/hiragana_images/kanaE14.jpg,E
hiragana-dataset/hiragana_images/kanaE15.jpg,E
hiragana-dataset/hiragana_images/kanaE16.jpg,E
hiragana-dataset/hiragana_images/kanaE17.jpg,E
hiragana-dataset/hiragana_images/kanaE18.jpg,E
hiragana-dataset/hiragana_images/kanaE19.jpg,E
hiragana-dataset/hiragana_images/kanaE2.jpg,E
hiragana-dataset/hiragana_images/kanaE3.jpg,E
hiragana-dataset/hiragana_images/kanaE4.jpg,E
hiragana-dataset/hiragana_images/kanaE5.jpg,E
hiragana-dataset/hiragana_images/kanaE6.jpg,E
hiragana-dataset/hiragana_images/kanaE7.jpg,E
hiragana-dataset/hiragana_images/kanaE8.jpg,E
hiragana-dataset/hiragana_images/kanaE9.jpg,E
hiragana-dataset/hiragana_images/kanaFU0.jpg,FU
hiragana-dataset/hiragana_images/kanaFU1.jpg,FU
hiragana-dataset/hiragana_images/kanaFU10.jpg,FU
hiragana-dataset/hiragana_images/kanaFU11.jpg,FU
hiragana-dataset/hiragana_images/kanaFU12.jpg,FU
hiragana-dataset/hiragana_images/kanaFU13.jpg,FU
hiragana-dataset/hiragana_images/kanaFU14.jpg,FU
hiragana-dataset/hiragana_images/kanaFU15.jpg,FU
hiragana-dataset/hiragana_images/kanaFU16.jpg,FU
hiragana-dataset/hiragana_images/kanaFU17.jpg,FU
hiragana-dataset/hiragana_images/kanaFU18.jpg,FU
hiragana-dataset/hiragana_images/kanaFU19.jpg,FU
hiragana-dataset/hiragana_images/kanaFU2.jpg,FU
hiragana-dataset/hiragana_images/kanaFU3.jpg,FU
hiragana-dataset/hiragana_images/kanaFU4.jpg,FU
hiragana-dataset/hiragana_images/kanaFU5.jpg,FU
hiragana-dataset/hiragana_images/kanaFU6.jpg,FU
hiragana-dataset/hiragana_images/kanaFU7.jpg,FU
hiragana-dataset/hiragana_images/kanaFU8.jpg,FU
hiragana-dataset/hiragana_images/kanaFU9.jpg,FU
hiragana-dataset/hiragana_images/kanaHA0.jpg,HA
hiragana-dataset/hiragana_images/kanaHA1.jpg,HA
hiragana-dataset/hiragana_images/kanaHA10.jpg,HA
hiragana-dataset/hiragana_images/kanaHA11.jpg,HA
hiragana-dataset/hiragana_images/kanaHA12.jpg,HA
hiragana-dataset/hiragana_images/kanaHA13.jpg,HA
hiragana-dataset/hiragana_images/kanaHA14.jpg,HA
hiragana-dataset/hiragana_images/kanaHA15.jpg,HA
hiragana-dataset/hiragana_images/kanaHA16.jpg,HA
hiragana-dataset/hiragana_images/kanaHA17.jpg,HA
hiragana-dataset/hiragana_images/kanaHA18.jpg,HA
hiragana-dataset/hiragana_images/kanaHA19.jpg,HA
hiragana-dataset/hiragana_images/kanaHA2.jpg,HA
hiragana-dataset/hiragana_images/kanaHA3.jpg,HA
hiragana-dataset/hiragana_images/kanaHA4.jpg,HA
hiragana-dataset/hiragana_images/kanaHA5.jpg,HA
hiragana-dataset/hiragana_images/kanaHA6.jpg,HA
hiragana-dataset/hiragana_images/kanaHA7.jpg,HA
hiragana-dataset/hiragana_images/kanaHA8.jpg,HA
hiragana-dataset/hiragana_images/kanaHA9.jpg,HA
hiragana-dataset/hiragana_images/kanaHE0.jpg,HE
hiragana-dataset/hiragana_images/kanaHE1.jpg,HE
hiragana-dataset/hiragana_images/kanaHE10.jpg,HE
hiragana-dataset/hiragana_images/kanaHE11.jpg,HE
hiragana-dataset/hiragana_images/kanaHE12.jpg,HE
hiragana-dataset/hiragana_images/kanaHE13.jpg,HE
hiragana-dataset/hiragana_images/kanaHE14.jpg,HE
hiragana-dataset/hiragana_images/kanaHE15.jpg,HE
hiragana-dataset/hiragana_images/kanaHE16.jpg,HE
hiragana-dataset/hiragana_images/kanaHE17.jpg,HE
hiragana-dataset/hiragana_images/kanaHE18.jpg,HE
hiragana-dataset/hiragana_images/kanaHE19.jpg,HE
hiragana-dataset/hiragana_images/kanaHE2.jpg,HE
hiragana-dataset/hiragana_images/kanaHE3.jpg,HE
hiragana-dataset/hiragana_images/kanaHE4.jpg,HE
hiragana-dataset/hiragana_images/kanaHE5.jpg,HE
hiragana-dataset/hiragana_images/kanaHE6.jpg,HE
hiragana-dataset/hiragana_images/kanaHE7.jpg,HE
hiragana-dataset/hiragana_images/kanaHE8.jpg,HE
hiragana-dataset/hiragana_images/kanaHE9.jpg,HE
hiragana-dataset/hiragana_images/kanaHI0.jpg,HI
hiragana-dataset/hiragana_images/kanaHI1.jpg,HI
hiragana-dataset/hiragana_images/kanaHI10.jpg,HI
hiragana-dataset/hiragana_images/kanaHI11.jpg,HI
hiragana-dataset/hiragana_images/kanaHI12.jpg,HI
hiragana-dataset/hiragana_images/kanaHI13.jpg,HI
hiragana-dataset/hiragana_images/kanaHI14.jpg,HI
hiragana-dataset/hiragana_images/kanaHI15.jpg,HI
hiragana-dataset/hiragana_images/kanaHI16.jpg,HI
hiragana-dataset/hiragana_images/kanaHI17.jpg,HI
hiragana-dataset/hiragana_images/kanaHI18.jpg,HI
hiragana-dataset/hiragana_images/kanaHI19.jpg,HI
hiragana-dataset/hiragana_images/kanaHI2.jpg,HI
hiragana-dataset/hiragana_images/kanaHI3.jpg,HI
hiragana-dataset/hiragana_images/kanaHI4.jpg,HI
hiragana-dataset/hiragana_images/kanaHI5.jpg,HI
hiragana-dataset/hiragana_images/kanaHI6.jpg,HI
hiragana-dataset/hiragana_images/kanaHI7.jpg,HI
hiragana-dataset/hiragana_images/kanaHI8.jpg,HI
hiragana-dataset/hiragana_images/kanaHI9.jpg,HI
hiragana-dataset/hiragana_images/kanaHO0.jpg,HO
hiragana-dataset/hiragana_images/kanaHO1.jpg,HO
hiragana-dataset/hiragana_images/kanaHO10.jpg,HO
hiragana-dataset/hiragana_images/kanaHO11.jpg,HO
hiragana-dataset/hiragana_images/kanaHO12.jpg,HO
hiragana-dataset/hiragana_images/kanaHO13.jpg,HO
hiragana-dataset/hiragana_images/kanaHO14.jpg,HO
hiragana-dataset/hiragana_images/kanaHO15.jpg,HO
hiragana-dataset/hiragana_images/kanaHO16.jpg,HO
hiragana-dataset/hiragana_images/kanaHO17.jpg,HO
hiragana-dataset/hiragana_images/kanaHO18.jpg,HO
hiragana-dataset/hiragana_images/kanaHO19.jpg,HO
hiragana-dataset/hiragana_images/kanaHO2.jpg,HO
hiragana-dataset/hiragana_images/kanaHO3.jpg,HO
hiragana-dataset/hiragana_images/kanaHO4.jpg,HO
hiragana-dataset/hiragana_images/kanaHO5.jpg,HO
hiragana-dataset/hiragana_images/kanaHO6.jpg,HO
hiragana-dataset/hiragana_images/kanaHO7.jpg,HO
hiragana-dataset/hiragana_images/kanaHO8.jpg,HO
hiragana-dataset/hiragana_images/kanaHO9.jpg,HO
hiragana-dataset/hiragana_images/kanaI0.jpg,I
hiragana-dataset/hiragana_images/kanaI1.jpg,I
hiragana-dataset/hiragana_images/kanaI10.jpg,I
hiragana-dataset/hiragana_images/kanaI11.jpg,I
hiragana-dataset/hiragana_images/kanaI12.jpg,I
hiragana-dataset/hiragana_images/kanaI13.jpg,I
hiragana-dataset/hiragana_images/kanaI14.jpg,I
hiragana-dataset/hiragana_images/kanaI15.jpg,I
hiragana-dataset/hiragana_images/kanaI16.jpg,I
hiragana-dataset/hiragana_images/kanaI17.jpg,I
hiragana-dataset/hiragana_images/kanaI18.jpg,I
hiragana-dataset/hiragana_images/kanaI19.jpg,I
hiragana-dataset/hiragana_images/kanaI2.jpg,I
hiragana-dataset/hiragana_images/kanaI3.jpg,I
hiragana-dataset/hiragana_images/kanaI4.jpg,I
hiragana-dataset/hiragana_images/kanaI5.jpg,I
hiragana-dataset/hiragana_images/kanaI6.jpg,I
hiragana-dataset/hiragana_images/kanaI7.jpg,I
hiragana-dataset/hiragana_images/kanaI8.jpg,I
hiragana-dataset/hiragana_images/kanaI9.jpg,I
hiragana-dataset/hiragana_images/kanaJI0.jpg,JI
hiragana-dataset/hiragana_images/kanaJI1.jpg,JI
hiragana-dataset/hiragana_images/kanaJI10.jpg,JI
hiragana-dataset/hiragana_images/kanaJI11.jpg,JI
hiragana-dataset/hiragana_images/kanaJI12.jpg,JI
hiragana-dataset/hiragana_images/kanaJI13.jpg,JI
hiragana-dataset/hiragana_images/kanaJI14.jpg,JI
hiragana-dataset/hiragana_images/kanaJI15.jpg,JI
hiragana-dataset/hiragana_images/kanaJI16.jpg,JI
hiragana-dataset/hiragana_images/kanaJI17.jpg,JI
hiragana-dataset/hiragana_images/kanaJI18.jpg,JI
hiragana-dataset/hiragana_images/kanaJI19.jpg,JI
hiragana-dataset/hiragana_images/kanaJI2.jpg,JI
hiragana-dataset/hiragana_images/kanaJI3.jpg,JI
hiragana-dataset/hiragana_images/kanaJI4.jpg,JI
hiragana-dataset/hiragana_images/kanaJI5.jpg,JI
hiragana-dataset/hiragana_images/kanaJI6.jpg,JI
hiragana-dataset/hiragana_images/kanaJI7.jpg,JI
hiragana-dataset/hiragana_images/kanaJI8.jpg,JI
hiragana-dataset/hiragana_images/kanaJI9.jpg,JI
hiragana-dataset/hiragana_images/kanaKA0.jpg,KA
hiragana-dataset/hiragana_images/kanaKA1.jpg,KA
hiragana-dataset/hiragana_images/kanaKA10.jpg,KA
hiragana-dataset/hiragana_images/kanaKA11.jpg,KA
hiragana-dataset/hiragana_images/kanaKA12.jpg,KA
hiragana-dataset/hiragana_images/kanaKA13.jpg,KA
hiragana-dataset/hiragana_images/kanaKA14.jpg,KA
hiragana-dataset/hiragana_images/kanaKA15.jpg,KA
hiragana-dataset/hiragana_images/kanaKA16.jpg,KA
hiragana-dataset/hiragana_images/kanaKA17.jpg,KA
hiragana-dataset/hiragana_images/kanaKA18.jpg,KA
hiragana-dataset/hiragana_images/kanaKA19.jpg,KA
hiragana-dataset/hiragana_images/kanaKA2.jpg,KA
hiragana-dataset/hiragana_images/kanaKA3.jpg,KA
hiragana-dataset/hiragana_images/kanaKA4.jpg,KA
hiragana-dataset/hiragana_images/kanaKA5.jpg,KA
hiragana-dataset/hiragana_images/kanaKA6.jpg,KA
hiragana-dataset/hiragana_images/kanaKA7.jpg,KA
hiragana-dataset/hiragana_images/kanaKA8.jpg,KA
hiragana-dataset/hiragana_images/kanaKA9.jpg,KA
hiragana-dataset/hiragana_images/kanaKE0.jpg,KE
hiragana-dataset/hiragana_images/kanaKE1.jpg,KE
hiragana-dataset/hiragana_images/kanaKE10.jpg,KE
hiragana-dataset/hiragana_images/kanaKE11.jpg,KE
hiragana-dataset/hiragana_images/kanaKE12.jpg,KE
hiragana-dataset/hiragana_images/kanaKE13.jpg,KE
hiragana-dataset/hiragana_images/kanaKE14.jpg,KE
hiragana-dataset/hiragana_images/kanaKE15.jpg,KE
hiragana-dataset/hiragana_images/kanaKE16.jpg,KE
hiragana-dataset/hiragana_images/kanaKE17.jpg,KE
hiragana-dataset/hiragana_images/kanaKE18.jpg,KE
hiragana-dataset/hiragana_images/kanaKE19.jpg,KE
hiragana-dataset/hiragana_images/kanaKE2.jpg,KE
hiragana-dataset/hiragana_images/kanaKE3.jpg,KE
hiragana-dataset/hiragana_images/kanaKE4.jpg,KE
hiragana-dataset/hiragana_images/kanaKE5.jpg,KE
hiragana-dataset/hiragana_images/kanaKE6.jpg,KE
hiragana-dataset/hiragana_images/kanaKE7.jpg,KE
hiragana-dataset/hiragana_images/kanaKE8.jpg,KE
hiragana-dataset/hiragana_images/kanaKE9.jpg,KE
hiragana-dataset/hiragana_images/kanaKI0.jpg,KI
hiragana-dataset/hiragana_images/kanaKI1.jpg,KI
hiragana-dataset/hiragana_images/kanaKI10.jpg,KI
hiragana-dataset/hiragana_images/kanaKI11.jpg,KI
hiragana-dataset/hiragana_images/kanaKI12.jpg,KI
hiragana-dataset/hiragana_images/kanaKI13.jpg,KI
hiragana-dataset/hiragana_images/kanaKI14.jpg,KI
hiragana-dataset/hiragana_images/kanaKI15.jpg,KI
hiragana-dataset/hiragana_images/kanaKI16.jpg,KI
hiragana-dataset/hiragana_images/kanaKI17.jpg,KI
hiragana-dataset/hiragana_images/kanaKI18.jpg,KI
hiragana-dataset/hiragana_images/kanaKI19.jpg,KI
hiragana-dataset/hiragana_images/kanaKI2.jpg,KI
hiragana-dataset/hiragana_images/kanaKI3.jpg,KI
hiragana-dataset/hiragana_images/kanaKI4.jpg,KI
hiragana-dataset/hiragana_images/kanaKI5.jpg,KI
hiragana-dataset/hiragana_images/kanaKI6.jpg,KI
hiragana-dataset/hiragana_images/kanaKI7.jpg,KI
hiragana-dataset/hiragana_images/kanaKI8.jpg,KI
hiragana-dataset/hiragana_images/kanaKI9.jpg,KI
hiragana-dataset/hiragana_images/kanaKO0.jpg,KO
hiragana-dataset/hiragana_images/kanaKO1.jpg,KO
hiragana-dataset/hiragana_images/kanaKO10.jpg,KO
hiragana-dataset/hiragana_images/kanaKO11.jpg,KO
hiragana-dataset/hiragana_images/kanaKO12.jpg,KO
hiragana-dataset/hiragana_images/kanaKO13.jpg,KO
hiragana-dataset/hiragana_images/kanaKO14.jpg,KO
hiragana-dataset/hiragana_images/kanaKO15.jpg,KO
hiragana-dataset/hiragana_images/kanaKO16.jpg,KO
hiragana-dataset/hiragana_images/kanaKO17.jpg,KO
hiragana-dataset/hiragana_images/kanaKO18.jpg,KO
hiragana-dataset/hiragana_images/kanaKO19.jpg,KO
hiragana-dataset/hiragana_images/kanaKO2.jpg,KO
hiragana-dataset/hiragana_images/kanaKO3.jpg,KO
hiragana-dataset/hiragana_images/kanaKO4.jpg,KO
hiragana-dataset/hiragana_images/kanaKO5.jpg,KO
hiragana-dataset/hiragana_images/kanaKO6.jpg,KO
hiragana-dataset/hiragana_images/kanaKO7.jpg,KO
hiragana-dataset/hiragana_images/kanaKO8.jpg,KO
hiragana-dataset/hiragana_images/kanaKO9.jpg,KO
hiragana-dataset/hiragana_images/kanaKU0.jpg,KU
hiragana-dataset/hiragana_images/kanaKU1.jpg,KU
hiragana-dataset/hiragana_images/kanaKU10.jpg,KU
hiragana-dataset/hiragana_images/kanaKU11.jpg,KU
hiragana-dataset/hiragana_images/kanaKU12.jpg,KU
hiragana-dataset/hiragana_images/kanaKU13.jpg,KU
hiragana-dataset/hiragana_images/kanaKU14.jpg,KU
hiragana-dataset/hiragana_images/kanaKU15.jpg,KU
hiragana-dataset/hiragana_images/kanaKU16.jpg,KU
hiragana-dataset/hiragana_images/kanaKU17.jpg,KU
hiragana-dataset/hiragana_images/kanaKU18.jpg,KU
hiragana-dataset/hiragana_images/kanaKU19.jpg,KU
hiragana-dataset/hiragana_images/kanaKU2.jpg,KU
hiragana-dataset/hiragana_images/kanaKU3.jpg,KU
hiragana-dataset/hiragana_images/kanaKU4.jpg,KU
hiragana-dataset/hiragana_images/kanaKU5.jpg,KU
hiragana-dataset/hiragana_images/kanaKU6.jpg,KU
hiragana-dataset/hiragana_images/kanaKU7.jpg,KU
hiragana-dataset/hiragana_images/kanaKU8.jpg,KU
hiragana-dataset/hiragana_images/kanaKU9.jpg,KU
hiragana-dataset/hiragana_images/kanaMA0.jpg,MA
hiragana-dataset/hiragana_images/kanaMA1.jpg,MA
hiragana-dataset/hiragana_images/kanaMA10.jpg,MA
hiragana-dataset/hiragana_images/kanaMA11.jpg,MA
hiragana-dataset/hiragana_images/kanaMA12.jpg,MA
hiragana-dataset/hiragana_images/kanaMA13.jpg,MA
hiragana-dataset/hiragana_images/kanaMA14.jpg,MA
hiragana-dataset/hiragana_images/kanaMA15.jpg,MA
hiragana-dataset/hiragana_images/kanaMA16.jpg,MA
hiragana-dataset/hiragana_images/kanaMA17.jpg,MA
hiragana-dataset/hiragana_images/kanaMA18.jpg,MA
hiragana-dataset/hiragana_images/kanaMA19.jpg,MA
hiragana-dataset/hiragana_images/kanaMA2.jpg,MA
hiragana-dataset/hiragana_images/kanaMA3.jpg,MA
hiragana-dataset/hiragana_images/kanaMA4.jpg,MA
hiragana-dataset/hiragana_images/kanaMA5.jpg,MA
hiragana-dataset/hiragana_images/kanaMA6.jpg,MA
hiragana-dataset/hiragana_images/kanaMA7.jpg,MA
hiragana-dataset/hiragana_images/kanaMA8.jpg,MA
hiragana-dataset/hiragana_images/kanaMA9.jpg,MA
hiragana-dataset/hiragana_images/kanaME0.jpg,ME
hiragana-dataset/hiragana_images/kanaME1.jpg,ME
hiragana-dataset/hiragana_images/kanaME10.jpg,ME
hiragana-dataset/hiragana_images/kanaME11.jpg,ME
hiragana-dataset/hiragana_images/kanaME12.jpg,ME
hiragana-dataset/hiragana_images/kanaME13.jpg,ME
hiragana-dataset/hiragana_images/kanaME14.jpg,ME
hiragana-dataset/hiragana_images/kanaME15.jpg,ME
hiragana-dataset/hiragana_images/kanaME16.jpg,ME
hiragana-dataset/hiragana_images/kanaME17.jpg,ME
hiragana-dataset/hiragana_images/kanaME18.jpg,ME
hiragana-dataset/hiragana_images/kanaME19.jpg,ME
hiragana-dataset/hiragana_images/kanaME2.jpg,ME
hiragana-dataset/hiragana_images/kanaME3.jpg,ME
hiragana-dataset/hiragana_images/kanaME4.jpg,ME
hiragana-dataset/hiragana_images/kanaME5.jpg,ME
hiragana-dataset/hiragana_images/kanaME6.jpg,ME
hiragana-dataset/hiragana_images/kanaME7.jpg,ME
hiragana-dataset/hiragana_images/kanaME8.jpg,ME
hiragana-dataset/hiragana_images/kanaME9.jpg,ME
hiragana-dataset/hiragana_images/kanaMI0.jpg,MI
hiragana-dataset/hiragana_images/kanaMI1.jpg,MI
hiragana-dataset/hiragana_images/kanaMI10.jpg,MI
hiragana-dataset/hiragana_images/kanaMI11.jpg,MI
hiragana-dataset/hiragana_images/kanaMI12.jpg,MI
hiragana-dataset/hiragana_images/kanaMI13.jpg,MI
hiragana-dataset/hiragana_images/kanaMI14.jpg,MI
hiragana-dataset/hiragana_images/kanaMI15.jpg,MI
hiragana-dataset/hiragana_images/kanaMI16.jpg,MI
hiragana-dataset/hiragana_images/kanaMI17.jpg,MI
hiragana-dataset/hiragana_images/kanaMI18.jpg,MI
hiragana-dataset/hiragana_images/kanaMI19.jpg,MI
hiragana-dataset/hiragana_images/kanaMI2.jpg,MI
hiragana-dataset/hiragana_images/kanaMI3.jpg,MI
hiragana-dataset/hiragana_images/kanaMI4.jpg,MI
hiragana-dataset/hiragana_images/kanaMI5.jpg,MI
hiragana-dataset/hiragana_images/kanaMI6.jpg,MI
hiragana-dataset/hiragana_images/kanaMI7.jpg,MI
hiragana-dataset/hiragana_images/kanaMI8.jpg,MI
hiragana-dataset/hiragana_images/kanaMI9.jpg,MI
hiragana-dataset/hiragana_images/kanaMO0.jpg,MO
hiragana-dataset/hiragana_images/kanaMO1.jpg,MO
hiragana-dataset/hiragana_images/kanaMO10.jpg,MO
hiragana-dataset/hiragana_images/kanaMO11.jpg,MO
hiragana-dataset/hiragana_images/kanaMO12.jpg,MO
hiragana-dataset/hiragana_images/kanaMO13.jpg,MO
hiragana-dataset/hiragana_images/kanaMO14.jpg,MO
hiragana-dataset/hiragana_images/kanaMO15.jpg,MO
hiragana-dataset/hiragana_images/kanaMO16.jpg,MO
hiragana-dataset/hiragana_images/kanaMO17.jpg,MO
hiragana-dataset/hiragana_images/kanaMO18.jpg,MO
hiragana-dataset/hiragana_images/kanaMO19.jpg,MO
hiragana-dataset/hiragana_images/kanaMO2.jpg,MO
hiragana-dataset/hiragana_images/kanaMO3.jpg,MO
hiragana-dataset/hiragana_images/kanaMO4.jpg,MO
hiragana-dataset/hiragana_images/kanaMO5.jpg,MO
hiragana-dataset/hiragana_images/kanaMO6.jpg,MO
hiragana-dataset/hiragana_images/kanaMO7.jpg,MO
hiragana-dataset/hiragana_images/kanaMO8.jpg,MO
hiragana-dataset/hiragana_images/kanaMO9.jpg,MO
hiragana-dataset/hiragana_images/kanaMU0.jpg,MU
hiragana-dataset/hiragana_images/kanaMU1.jpg,MU
hiragana-dataset/hiragana_images/kanaMU10.jpg,MU
hiragana-dataset/hiragana_images/kanaMU11.jpg,MU
hiragana-dataset/hiragana_images/kanaMU12.jpg,MU
hiragana-dataset/hiragana_images/kanaMU13.jpg,MU
hiragana-dataset/hiragana_images/kanaMU14.jpg,MU
hiragana-dataset/hiragana_images/kanaMU15.jpg,MU
hiragana-dataset/hiragana_images/kanaMU16.jpg,MU
hiragana-dataset/hiragana_images/kanaMU17.jpg,MU
hiragana-dataset/hiragana_images/kanaMU18.jpg,MU
hiragana-dataset/hiragana_images/kanaMU19.jpg,MU
hiragana-dataset/hiragana_images/kanaMU2.jpg,MU
hiragana-dataset/hiragana_images/kanaMU3.jpg,MU
hiragana-dataset/hiragana_images/kanaMU4.jpg,MU
hiragana-dataset/hiragana_images/kanaMU5.jpg,MU
hiragana-dataset/hiragana_images/kanaMU6.jpg,MU
hiragana-dataset/hiragana_images/kanaMU7.jpg,MU
hiragana-dataset/hiragana_images/kanaMU8.jpg,MU
hiragana-dataset/hiragana_images/kanaMU9.jpg,MU
hiragana-dataset/hiragana_images/kanaN0.jpg,N
hiragana-dataset/hiragana_images/kanaN1.jpg,N
hiragana-dataset/hiragana_images/kanaN10.jpg,N
hiragana-dataset/hiragana_images/kanaN11.jpg,N
hiragana-dataset/hiragana_images/kanaN12.jpg,N
hiragana-dataset/hiragana_images/kanaN13.jpg,N
hiragana-dataset/hiragana_images/kanaN14.jpg,N
hiragana-dataset/hiragana_images/kanaN15.jpg,N
hiragana-dataset/hiragana_images/kanaN16.jpg,N
hiragana-dataset/hiragana_images/kanaN17.jpg,N
hiragana-dataset/hiragana_images/kanaN18.jpg,N
hiragana-dataset/hiragana_images/kanaN19.jpg,N
hiragana-dataset/hiragana_images/kanaN2.jpg,N
hiragana-dataset/hiragana_images/kanaN3.jpg,N
hiragana-dataset/hiragana_images/kanaN4.jpg,N
hiragana-dataset/hiragana_images/kanaN5.jpg,N
hiragana-dataset/hiragana_images/kanaN6.jpg,N
hiragana-dataset/hiragana_images/kanaN7.jpg,N
hiragana-dataset/hiragana_images/kanaN8.jpg,N
hiragana-dataset/hiragana_images/kanaN9.jpg,N
hiragana-dataset/hiragana_images/kanaNA0.jpg,NA
hiragana-dataset/hiragana_images/kanaNA1.jpg,NA
hiragana-dataset/hiragana_images/kanaNA10.jpg,NA
hiragana-dataset/hiragana_images/kanaNA11.jpg,NA
hiragana-dataset/hiragana_images/kanaNA12.jpg,NA
hiragana-dataset/hiragana_images/kanaNA13.jpg,NA
hiragana-dataset/hiragana_images/kanaNA14.jpg,NA
hiragana-dataset/hiragana_images/kanaNA15.jpg,NA
hiragana-dataset/hiragana_images/kanaNA16.jpg,NA
hiragana-dataset/hiragana_images/kanaNA17.jpg,NA
hiragana-dataset/hiragana_images/kanaNA18.jpg,NA
hiragana-dataset/hiragana_images/kanaNA19.jpg,NA
hiragana-dataset/hiragana_images/kanaNA2.jpg,NA
hiragana-dataset/hiragana_images/kanaNA3.jpg,NA
hiragana-dataset/hiragana_images/kanaNA4.jpg,NA
hiragana-dataset/hiragana_images/kanaNA5.jpg,NA
hiragana-dataset/hiragana_images/kanaNA6.jpg,NA
hiragana-dataset/hiragana_images/kanaNA7.jpg,NA
hiragana-dataset/hiragana_images/kanaNA8.jpg,NA
hiragana-dataset/hiragana_images/kanaNA9.jpg,NA
hiragana-dataset/hiragana_images/kanaNE0.jpg,NE
hiragana-dataset/hiragana_images/kanaNE1.jpg,NE
hiragana-dataset/hiragana_images/kanaNE10.jpg,NE
hiragana-dataset/hiragana_images/kanaNE11.jpg,NE
hiragana-dataset/hiragana_images/kanaNE12.jpg,NE
hiragana-dataset/hiragana_images/kanaNE13.jpg,NE
hiragana-dataset/hiragana_images/kanaNE14.jpg,NE
hiragana-dataset/hiragana_images/kanaNE15.jpg,NE
hiragana-dataset/hiragana_images/kanaNE16.jpg,NE
hiragana-dataset/hiragana_images/kanaNE17.jpg,NE
hiragana-dataset/hiragana_images/kanaNE18.jpg,NE
hiragana-dataset/hiragana_images/kanaNE19.jpg,NE
hiragana-dataset/hiragana_images/kanaNE2.jpg,NE
hiragana-dataset/hiragana_images/kanaNE3.jpg,NE
hiragana-dataset/hiragana_images/kanaNE4.jpg,NE
hiragana-dataset/hiragana_images/kanaNE5.jpg,NE
hiragana-dataset/hiragana_images/kanaNE6.jpg,NE
hiragana-dataset/hiragana_images/kanaNE7.jpg,NE
hiragana-dataset/hiragana_images/kanaNE8.jpg,NE
hiragana-dataset/hiragana_images/kanaNE9.jpg,NE
hiragana-dataset/hiragana_images/kanaNI0.jpg,NI
hiragana-dataset/hiragana_images/kanaNI1.jpg,NI
hiragana-dataset/hiragana_images/kanaNI10.jpg,NI
hiragana-dataset/hiragana_images/kanaNI11.jpg,NI
hiragana-dataset/hiragana_images/kanaNI12.jpg,NI
hiragana-dataset/hiragana_images/kanaNI13.jpg,NI
hiragana-dataset/hiragana_images/kanaNI14.jpg,NI
hiragana-dataset/hiragana_images/kanaNI15.jpg,NI
hiragana-dataset/hiragana_images/kanaNI16.jpg,NI
hiragana-dataset/hiragana_images/kanaNI17.jpg,NI
hiragana-dataset/hiragana_images/kanaNI18.jpg,NI
hiragana-dataset/hiragana_images/kanaNI19.jpg,NI
hiragana-dataset/hiragana_images/kanaNI2.jpg,NI
hiragana-dataset/hiragana_images/kanaNI3.jpg,NI
hiragana-dataset/hiragana_images/kanaNI4.jpg,NI
hiragana-dataset/hiragana_images/kanaNI5.jpg,NI
hiragana-dataset/hiragana_images/kanaNI6.jpg,NI
hiragana-dataset/hiragana_images/kanaNI7.jpg,NI
hiragana-dataset/hiragana_images/kanaNI8.jpg,NI
hiragana-dataset/hiragana_images/kanaNI9.jpg,NI
hiragana-dataset/hiragana_images/kanaNO0.jpg,NO
hiragana-dataset/hiragana_images/kanaNO1.jpg,NO
hiragana-dataset/hiragana_images/kanaNO10.jpg,NO
hiragana-dataset/hiragana_images/kanaNO11.jpg,NO
hiragana-dataset/hiragana_images/kanaNO12.jpg,NO
hiragana-dataset/hiragana_images/kanaNO13.jpg,NO
hiragana-dataset/hiragana_images/kanaNO14.jpg,NO
hiragana-dataset/hiragana_images/kanaNO15.jpg,NO
hiragana-dataset/hiragana_images/kanaNO16.jpg,NO
hiragana-dataset/hiragana_images/kanaNO17.jpg,NO
hiragana-dataset/hiragana_images/kanaNO18.jpg,NO
hiragana-dataset/hiragana_images/kanaNO19.jpg,NO
hiragana-dataset/hiragana_images/kanaNO2.jpg,NO
hiragana-dataset/hiragana_images/kanaNO3.jpg,NO
hiragana-dataset/hiragana_images/kanaNO4.jpg,NO
hiragana-dataset/hiragana_images/kanaNO5.jpg,NO
hiragana-dataset/hiragana_images/kanaNO6.jpg,NO
hiragana-dataset/hiragana_images/kanaNO7.jpg,NO
hiragana-dataset/hiragana_images/kanaNO8.jpg,NO
hiragana-dataset/hiragana_images/kanaNO9.jpg,NO
hiragana-dataset/hiragana_images/kanaNU0.jpg,NU
hiragana-dataset/hiragana_images/kanaNU1.jpg,NU
hiragana-dataset/hiragana_images/kanaNU10.jpg,NU
hiragana-dataset/hiragana_images/kanaNU11.jpg,NU
hiragana-dataset/hiragana_images/kanaNU12.jpg,NU
hiragana-dataset/hiragana_images/kanaNU13.jpg,NU
hiragana-dataset/hiragana_images/kanaNU14.jpg,NU
hiragana-dataset/hiragana_images/kanaNU15.jpg,NU
hiragana-dataset/hiragana_images/kanaNU16.jpg,NU
hiragana-dataset/hiragana_images/kanaNU17.jpg,NU
hiragana-dataset/hiragana_images/kanaNU18.jpg,NU
hiragana-dataset/hiragana_images/kanaNU19.jpg,NU
hiragana-dataset/hiragana_images/kanaNU2.jpg,NU
hiragana-dataset/hiragana_images/kanaNU3.jpg,NU
hiragana-dataset/hiragana_images/kanaNU4.jpg,NU
hiragana-dataset/hiragana_images/kanaNU5.jpg,NU
hiragana-dataset/hiragana_images/kanaNU6.jpg,NU
hiragana-dataset/hiragana_images/kanaNU7.jpg,NU
hiragana-dataset/hiragana_images/kanaNU8.jpg,NU
hiragana-dataset/hiragana_images/kanaNU9.jpg,NU
hiragana-dataset/hiragana_images/kanaO0.jpg,O
hiragana-dataset/hiragana_images/kanaO1.jpg,O
hiragana-dataset/hiragana_images/kanaO10.jpg,O
hiragana-dataset/hiragana_images/kanaO11.jpg,O
hiragana-dataset/hiragana_images/kanaO12.jpg,O
hiragana-dataset/hiragana_images/kanaO13.jpg,O
hiragana-dataset/hiragana_images/kanaO14.jpg,O
hiragana-dataset/hiragana_images/kanaO15.jpg,O
hiragana-dataset/hiragana_images/kanaO16.jpg,O
hiragana-dataset/hiragana_images/kanaO17.jpg,O
hiragana-dataset/hiragana_images/kanaO18.jpg,O
hiragana-dataset/hiragana_images/kanaO19.jpg,O
hiragana-dataset/hiragana_images/kanaO2.jpg,O
hiragana-dataset/hiragana_images/kanaO3.jpg,O
hiragana-dataset/hiragana_images/kanaO4.jpg,O
hiragana-dataset/hiragana_images/kanaO5.jpg,O
hiragana-dataset/hiragana_images/kanaO6.jpg,O
hiragana-dataset/hiragana_images/kanaO7.jpg,O
hiragana-dataset/hiragana_images/kanaO8.jpg,O
hiragana-dataset/hiragana_images/kanaO9.jpg,O
hiragana-dataset/hiragana_images/kanaPI0.jpg,PI
hiragana-dataset/hiragana_images/kanaPI1.jpg,PI
hiragana-dataset/hiragana_images/kanaPI10.jpg,PI
hiragana-dataset/hiragana_images/kanaPI11.jpg,PI
hiragana-dataset/hiragana_images/kanaPI12.jpg,PI
hiragana-dataset/hiragana_images/kanaPI13.jpg,PI
hiragana-dataset/hiragana_images/kanaPI14.jpg,PI
hiragana-dataset/hiragana_images/kanaPI15.jpg,PI
hiragana-dataset/hiragana_images/kanaPI16.jpg,PI
hiragana-dataset/hiragana_images/kanaPI17.jpg,PI
hiragana-dataset/hiragana_images/kanaPI18.jpg,PI
hiragana-dataset/hiragana_images/kanaPI19.jpg,PI
hiragana-dataset/hiragana_images/kanaPI2.jpg,PI
hiragana-dataset/hiragana_images/kanaPI3.jpg,PI
hiragana-dataset/hiragana_images/kanaPI4.jpg,PI
hiragana-dataset/hiragana_images/kanaPI5.jpg,PI
hiragana-dataset/hiragana_images/kanaPI6.jpg,PI
hiragana-dataset/hiragana_images/kanaPI7.jpg,PI
hiragana-dataset/hiragana_images/kanaPI8.jpg,PI
hiragana-dataset/hiragana_images/kanaPI9.jpg,PI
hiragana-dataset/hiragana_images/kanaRA0.jpg,RA
hiragana-dataset/hiragana_images/kanaRA1.jpg,RA
hiragana-dataset/hiragana_images/kanaRA10.jpg,RA
hiragana-dataset/hiragana_images/kanaRA11.jpg,RA
hiragana-dataset/hiragana_images/kanaRA12.jpg,RA
hiragana-dataset/hiragana_images/kanaRA13.jpg,RA
hiragana-dataset/hiragana_images/kanaRA14.jpg,RA
hiragana-dataset/hiragana_images/kanaRA15.jpg,RA
hiragana-dataset/hiragana_images/kanaRA16.jpg,RA
hiragana-dataset/hiragana_images/kanaRA17.jpg,RA
hiragana-dataset/hiragana_images/kanaRA18.jpg,RA
hiragana-dataset/hiragana_images/kanaRA19.jpg,RA
hiragana-dataset/hiragana_images/kanaRA2.jpg,RA
hiragana-dataset/hiragana_images/kanaRA3.jpg,RA
hiragana-dataset/hiragana_images/kanaRA4.jpg,RA
hiragana-dataset/hiragana_images/kanaRA5.jpg,RA
hiragana-dataset/hiragana_images/kanaRA6.jpg,RA
hiragana-dataset/hiragana_images/kanaRA7.jpg,RA
hiragana-dataset/hiragana_images/kanaRA8.jpg,RA
hiragana-dataset/hiragana_images/kanaRA9.jpg,RA
hiragana-dataset/hiragana_images/kanaRE0.jpg,RE
hiragana-dataset/hiragana_images/kanaRE1.jpg,RE
hiragana-dataset/hiragana_images/kanaRE10.jpg,RE
hiragana-dataset/hiragana_images/kanaRE11.jpg,RE
hiragana-dataset/hiragana_images/kanaRE12.jpg,RE
hiragana-dataset/hiragana_images/kanaRE13.jpg,RE
hiragana-dataset/hiragana_images/kanaRE14.jpg,RE
hiragana-dataset/hiragana_images/kanaRE15.jpg,RE
hiragana-dataset/hiragana_images/kanaRE16.jpg,RE
hiragana-dataset/hiragana_images/kanaRE17.jpg,RE
hiragana-dataset/hiragana_images/kanaRE18.jpg,RE
hiragana-dataset/hiragana_images/kanaRE19.jpg,RE
hiragana-dataset/hiragana_images/kanaRE2.jpg,RE
hiragana-dataset/hiragana_images/kanaRE3.jpg,RE
hiragana-dataset/hiragana_images/kanaRE4.jpg,RE
hiragana-dataset/hiragana_images/kanaRE5.jpg,RE
hiragana-dataset/hiragana_images/kanaRE6.jpg,RE
hiragana-dataset/hiragana_images/kanaRE7.jpg,RE
hiragana-dataset/hiragana_images/kanaRE8.jpg,RE
hiragana-dataset/hiragana_images/kanaRE9.jpg,RE
hiragana-dataset/hiragana_images/kanaRI0.jpg,RI
hiragana-dataset/hiragana_images/kanaRI1.jpg,RI
hiragana-dataset/hiragana_images/kanaRI10.jpg,RI
hiragana-dataset/hiragana_images/kanaRI11.jpg,RI
hiragana-dataset/hiragana_images/kanaRI12.jpg,RI
hiragana-dataset/hiragana_images/kanaRI13.jpg,RI
hiragana-dataset/hiragana_images/kanaRI14.jpg,RI
hiragana-dataset/hiragana_images/kanaRI15.jpg,RI
hiragana-dataset/hiragana_images/kanaRI16.jpg,RI
hiragana-dataset/hiragana_images/kanaRI17.jpg,RI
hiragana-dataset/hiragana_images/kanaRI18.jpg,RI
hiragana-dataset/hiragana_images/kanaRI19.jpg,RI
hiragana-dataset/hiragana_images/kanaRI2.jpg,RI
hiragana-dataset/hiragana_images/kanaRI3.jpg,RI
hiragana-dataset/hiragana_images/kanaRI4.jpg,RI
hiragana-dataset/hiragana_images/kanaRI5.jpg,RI
hiragana-dataset/hiragana_images/kanaRI6.jpg,RI
hiragana-dataset/hiragana_images/kanaRI7.jpg,RI
hiragana-dataset/hiragana_images/kanaRI8.jpg,RI
hiragana-dataset/hiragana_images/kanaRI9.jpg,RI
hiragana-dataset/hiragana_images/kanaRO0.jpg,RO
hiragana-dataset/hiragana_images/kanaRO1.jpg,RO
hiragana-dataset/hiragana_images/kanaRO10.jpg,RO
hiragana-dataset/hiragana_images/kanaRO11.jpg,RO
hiragana-dataset/hiragana_images/kanaRO12.jpg,RO
hiragana-dataset/hiragana_images/kanaRO13.jpg,RO
hiragana-dataset/hiragana_images/kanaRO14.jpg,RO
hiragana-dataset/hiragana_images/kanaRO15.jpg,RO
hiragana-dataset/hiragana_images/kanaRO16.jpg,RO
hiragana-dataset/hiragana_images/kanaRO17.jpg,RO
hiragana-dataset/hiragana_images/kanaRO18.jpg,RO
hiragana-dataset/hiragana_images/kanaRO19.jpg,RO
hiragana-dataset/hiragana_images/kanaRO2.jpg,RO
hiragana-dataset/hiragana_images/kanaRO3.jpg,RO
hiragana-dataset/hiragana_images/kanaRO4.jpg,RO
hiragana-dataset/hiragana_images/kanaRO5.jpg,RO
hiragana-dataset/hiragana_images/kanaRO6.jpg,RO
hiragana-dataset/hiragana_images/kanaRO7.jpg,RO
hiragana-dataset/hiragana_images/kanaRO8.jpg,RO
hiragana-dataset/hiragana_images/kanaRO9.jpg,RO
hiragana-dataset/hiragana_images/kanaRU0.jpg,RU
hiragana-dataset/hiragana_images/kanaRU1.jpg,RU
hiragana-dataset/hiragana_images/kanaRU10.jpg,RU
hiragana-dataset/hiragana_images/kanaRU11.jpg,RU
hiragana-dataset/hiragana_images/kanaRU12.jpg,RU
hiragana-dataset/hiragana_images/kanaRU13.jpg,RU
hiragana-dataset/hiragana_images/kanaRU14.jpg,RU
hiragana-dataset/hiragana_images/kanaRU15.jpg,RU
hiragana-dataset/hiragana_images/kanaRU16.jpg,RU
hiragana-dataset/hiragana_images/kanaRU17.jpg,RU
hiragana-dataset/hiragana_images/kanaRU18.jpg,RU
hiragana-dataset/hiragana_images/kanaRU19.jpg,RU
hiragana-dataset/hiragana_images/kanaRU2.jpg,RU
hiragana-dataset/hiragana_images/kanaRU3.jpg,RU
hiragana-dataset/hiragana_images/kanaRU4.jpg,RU
hiragana-dataset/hiragana_images/kanaRU5.jpg,RU
hiragana-dataset/hiragana_images/kanaRU6.jpg,RU
hiragana-dataset/hiragana_images/kanaRU7.jpg,RU
hiragana-dataset/hiragana_images/kanaRU8.jpg,RU
hiragana-dataset/hiragana_images/kanaRU9.jpg,RU
hiragana-dataset/hiragana_images/kanaSA0.jpg,SA
hiragana-dataset/hiragana_images/kanaSA1.jpg,SA
hiragana-dataset/hiragana_images/kanaSA10.jpg,SA
hiragana-dataset/hiragana_images/kanaSA11.jpg,SA
hiragana-dataset/hiragana_images/kanaSA12.jpg,SA
hiragana-dataset/hiragana_images/kanaSA13.jpg,SA
hiragana-dataset/hiragana_images/kanaSA14.jpg,SA
hiragana-dataset/hiragana_images/kanaSA15.jpg,SA
hiragana-dataset/hiragana_images/kanaSA16.jpg,SA
hiragana-dataset/hiragana_images/kanaSA17.jpg,SA
hiragana-dataset/hiragana_images/kanaSA18.jpg,SA
hiragana-dataset/hiragana_images/kanaSA19.jpg,SA
hiragana-dataset/hiragana_images/kanaSA2.jpg,SA
hiragana-dataset/hiragana_images/kanaSA3.jpg,SA
hiragana-dataset/hiragana_images/kanaSA4.jpg,SA
hiragana-dataset/hiragana_images/kanaSA5.jpg,SA
hiragana-dataset/hiragana_images/kanaSA6.jpg,SA
hiragana-dataset/hiragana_images/kanaSA7.jpg,SA
hiragana-dataset/hiragana_images/kanaSA8.jpg,SA
hiragana-dataset/hiragana_images/kanaSA9.jpg,SA
hiragana-dataset/hiragana_images/kanaSE0.jpg,SE
hiragana-dataset/hiragana_images/kanaSE1.jpg,SE
hiragana-dataset/hiragana_images/kanaSE10.jpg,SE
hiragana-dataset/hiragana_images/kanaSE11.jpg,SE
hiragana-dataset/hiragana_images/kanaSE12.jpg,SE
hiragana-dataset/hiragana_images/kanaSE13.jpg,SE
hiragana-dataset/hiragana_images/kanaSE14.jpg,SE
hiragana-dataset/hiragana_images/kanaSE15.jpg,SE
hiragana-dataset/hiragana_images/kanaSE16.jpg,SE
hiragana-dataset/hiragana_images/kanaSE17.jpg,SE
hiragana-dataset/hiragana_images/kanaSE18.jpg,SE
hiragana-dataset/hiragana_images/kanaSE19.jpg,SE
hiragana-dataset/hiragana_images/kanaSE2.jpg,SE
hiragana-dataset/hiragana_images/kanaSE3.jpg,SE
hiragana-dataset/hiragana_images/kanaSE4.jpg,SE
hiragana-dataset/hiragana_images/kanaSE5.jpg,SE
hiragana-dataset/hiragana_images/kanaSE6.jpg,SE
hiragana-dataset/hiragana_images/kanaSE7.jpg,SE
hiragana-dataset/hiragana_images/kanaSE8.jpg,SE
hiragana-dataset/hiragana_images/kanaSE9.jpg,SE
hiragana-dataset/hiragana_images/kanaSHI0.jpg,SHI
hiragana-dataset/hiragana_images/kanaSHI1.jpg,SHI
hiragana-dataset/hiragana_images/kanaSHI10.jpg,SHI
hiragana-dataset/hiragana_images/kanaSHI11.jpg,SHI
hiragana-dataset/hiragana_images/kanaSHI12.jpg,SHI
hiragana-dataset/hiragana_images/kanaSHI13.jpg,SHI
hiragana-dataset/hiragana_images/kanaSHI14.jpg,SHI
hiragana-dataset/hiragana_images/kanaSHI15.jpg,SHI
hiragana-dataset/hiragana_images/kanaSHI16.jpg,SHI
hiragana-dataset/hiragana_images/kanaSHI17.jpg,SHI
hiragana-dataset/hiragana_images/kanaSHI18.jpg,SHI
hiragana-dataset/hiragana_images/kanaSHI19.jpg,SHI
hiragana-dataset/hiragana_images/kanaSHI2.jpg,SHI
hiragana-dataset/hiragana_images/kanaSHI3.jpg,SHI
hiragana-dataset/hiragana_images/kanaSHI4.jpg,SHI
hiragana-dataset/hiragana_images/kanaSHI5.jpg,SHI
hiragana-dataset/hiragana_images/kanaSHI6.jpg,SHI
hiragana-dataset/hiragana_images/kanaSHI7.jpg,SHI
hiragana-dataset/hiragana_images/kanaSHI8.jpg,SHI
hiragana-dataset/hiragana_images/kanaSHI9.jpg,SHI
hiragana-dataset/hiragana_images/kanaSO0.jpg,SO
hiragana-dataset/hiragana_images/kanaSO1.jpg,SO
hiragana-dataset/hiragana_images/kanaSO10.jpg,SO
hiragana-dataset/hiragana_images/kanaSO11.jpg,SO
hiragana-dataset/hiragana_images/kanaSO12.jpg,SO
hiragana-dataset/hiragana_images/kanaSO13.jpg,SO
hiragana-dataset/hiragana_images/kanaSO14.jpg,SO
hiragana-dataset/hiragana_images/kanaSO15.jpg,SO
hiragana-dataset/hiragana_images/kanaSO16.jpg,SO
hiragana-dataset/hiragana_images/kanaSO17.jpg,SO
hiragana-dataset/hiragana_images/kanaSO18.jpg,SO
hiragana-dataset/hiragana_images/kanaSO19.jpg,SO
hiragana-dataset/hiragana_images/kanaSO2.jpg,SO
hiragana-dataset/hiragana_images/kanaSO3.jpg,SO
hiragana-dataset/hiragana_images/kanaSO4.jpg,SO
hiragana-dataset/hiragana_images/kanaSO5.jpg,SO
hiragana-dataset/hiragana_images/kanaSO6.jpg,SO
hiragana-dataset/hiragana_images/kanaSO7.jpg,SO
hiragana-dataset/hiragana_images/kanaSO8.jpg,SO
hiragana-dataset/hiragana_images/kanaSO9.jpg,SO
hiragana-dataset/hiragana_images/kanaSU0.jpg,SU
hiragana-dataset/hiragana_images/kanaSU1.jpg,SU
hiragana-dataset/hiragana_images/kanaSU10.jpg,SU
hiragana-dataset/hiragana_images/kanaSU11.jpg,SU
hiragana-dataset/hiragana_images/kanaSU12.jpg,SU
hiragana-dataset/hiragana_images/kanaSU13.jpg,SU
hiragana-dataset/hiragana_images/kanaSU14.jpg,SU
hiragana-dataset/hiragana_images/kanaSU15.jpg,SU
hiragana-dataset/hiragana_images/kanaSU16.jpg,SU
hiragana-dataset/hiragana_images/kanaSU17.jpg,SU
hiragana-dataset/hiragana_images/kanaSU18.jpg,SU
hiragana-dataset/hiragana_images/kanaSU19.jpg,SU
hiragana-dataset/hiragana_images/kanaSU2.jpg,SU
hiragana-dataset/hiragana_images/kanaSU3.jpg,SU
hiragana-dataset/hiragana_images/kanaSU4.jpg,SU
hiragana-dataset/hiragana_images/kanaSU5.jpg,SU
hiragana-dataset/hiragana_images/kanaSU6.jpg,SU
hiragana-dataset/hiragana_images/kanaSU7.jpg,SU
hiragana-dataset/hiragana_images/kanaSU8.jpg,SU
hiragana-dataset/hiragana_images/kanaSU9.jpg,SU
hiragana-dataset/hiragana_images/kanaTA0.jpg,TA
hiragana-dataset/hiragana_images/kanaTA1.jpg,TA
hiragana-dataset/hiragana_images/kanaTA10.jpg,TA
hiragana-dataset/hiragana_images/kanaTA11.jpg,TA
hiragana-dataset/hiragana_images/kanaTA12.jpg,TA
hiragana-dataset/hiragana_images/kanaTA13.jpg,TA
hiragana-dataset/hiragana_images/kanaTA14.jpg,TA
hiragana-dataset/hiragana_images/kanaTA15.jpg,TA
hiragana-dataset/hiragana_images/kanaTA16.jpg,TA
hiragana-dataset/hiragana_images/kanaTA17.jpg,TA
hiragana-dataset/hiragana_images/kanaTA18.jpg,TA
hiragana-dataset/hiragana_images/kanaTA19.jpg,TA
hiragana-dataset/hiragana_images/kanaTA2.jpg,TA
hiragana-dataset/hiragana_images/kanaTA3.jpg,TA
hiragana-dataset/hiragana_images/kanaTA4.jpg,TA
hiragana-dataset/hiragana_images/kanaTA5.jpg,TA
hiragana-dataset/hiragana_images/kanaTA6.jpg,TA
hiragana-dataset/hiragana_images/kanaTA7.jpg,TA
hiragana-dataset/hiragana_images/kanaTA8.jpg,TA
hiragana-dataset/hiragana_images/kanaTA9.jpg,TA
hiragana-dataset/hiragana_images/kanaTE0.jpg,TE
hiragana-dataset/hiragana_images/kanaTE1.jpg,TE
hiragana-dataset/hiragana_images/kanaTE10.jpg,TE
hiragana-dataset/hiragana_images/kanaTE11.jpg,TE
hiragana-dataset/hiragana_images/kanaTE12.jpg,TE
hiragana-dataset/hiragana_images/kanaTE13.jpg,TE
hiragana-dataset/hiragana_images/kanaTE14.jpg,TE
hiragana-dataset/hiragana_images/kanaTE15.jpg,TE
hiragana-dataset/hiragana_images/kanaTE16.jpg,TE
hiragana-dataset/hiragana_images/kanaTE17.jpg,TE
hiragana-dataset/hiragana_images/kanaTE18.jpg,TE
hiragana-dataset/hiragana_images/kanaTE19.jpg,TE
hiragana-dataset/hiragana_images/kanaTE2.jpg,TE
hiragana-dataset/hiragana_images/kanaTE3.jpg,TE
hiragana-dataset/hiragana_images/kanaTE4.jpg,TE
hiragana-dataset/hiragana_images/kanaTE5.jpg,TE
hiragana-dataset/hiragana_images/kanaTE6.jpg,TE
hiragana-dataset/hiragana_images/kanaTE7.jpg,TE
hiragana-dataset/hiragana_images/kanaTE8.jpg,TE
hiragana-dataset/hiragana_images/kanaTE9.jpg,TE
hiragana-dataset/hiragana_images/kanaTO0.jpg,TO
hiragana-dataset/hiragana_images/kanaTO1.jpg,TO
hiragana-dataset/hiragana_images/kanaTO10.jpg,TO
hiragana-dataset/hiragana_images/kanaTO11.jpg,TO
hiragana-dataset/hiragana_images/kanaTO12.jpg,TO
hiragana-dataset/hiragana_images/kanaTO13.jpg,TO
hiragana-dataset/hiragana_images/kanaTO14.jpg,TO
hiragana-dataset/hiragana_images/kanaTO15.jpg,TO
hiragana-dataset/hiragana_images/kanaTO16.jpg,TO
hiragana-dataset/hiragana_images/kanaTO17.jpg,TO
hiragana-dataset/hiragana_images/kanaTO18.jpg,TO
hiragana-dataset/hiragana_images/kanaTO19.jpg,TO
hiragana-dataset/hiragana_images/kanaTO2.jpg,TO
hiragana-dataset/hiragana_images/kanaTO3.jpg,TO
hiragana-dataset/hiragana_images/kanaTO4.jpg,TO
hiragana-dataset/hiragana_images/kanaTO5.jpg,TO
hiragana-dataset/hiragana_images/kanaTO6.jpg,TO
hiragana-dataset/hiragana_images/kanaTO7.jpg,TO
hiragana-dataset/hiragana_images/kanaTO8.jpg,TO
hiragana-dataset/hiragana_images/kanaTO9.jpg,TO
hiragana-dataset/hiragana_images/kanaTSU0.jpg,TSU
hiragana-dataset/hiragana_images/kanaTSU1.jpg,TSU
hiragana-dataset/hiragana_images/kanaTSU10.jpg,TSU
hiragana-dataset/hiragana_images/kanaTSU11.jpg,TSU
hiragana-dataset/hiragana_images/kanaTSU12.jpg,TSU
hiragana-dataset/hiragana_images/kanaTSU13.jpg,TSU
hiragana-dataset/hiragana_images/kanaTSU14.jpg,TSU
hiragana-dataset/hiragana_images/kanaTSU15.jpg,TSU
hiragana-dataset/hiragana_images/kanaTSU16.jpg,TSU
hiragana-dataset/hiragana_images/kanaTSU17.jpg,TSU
hiragana-dataset/hiragana_images/kanaTSU18.jpg,TSU
hiragana-dataset/hiragana_images/kanaTSU19.jpg,TSU
hiragana-dataset/hiragana_images/kanaTSU2.jpg,TSU
hiragana-dataset/hiragana_images/kanaTSU3.jpg,TSU
hiragana-dataset/hiragana_images/kanaTSU4.jpg,TSU
hiragana-dataset/hiragana_images/kanaTSU5.jpg,TSU
hiragana-dataset/hiragana_images/kanaTSU6.jpg,TSU
hiragana-dataset/hiragana_images/kanaTSU7.jpg,TSU
hiragana-dataset/hiragana_images/kanaTSU8.jpg,TSU
hiragana-dataset/hiragana_images/kanaTSU9.jpg,TSU
hiragana-dataset/hiragana_images/kanaU0.jpg,U
hiragana-dataset/hiragana_images/kanaU1.jpg,U
hiragana-dataset/hiragana_images/kanaU10.jpg,U
hiragana-dataset/hiragana_images/kanaU11.jpg,U
hiragana-dataset/hiragana_images/kanaU12.jpg,U
hiragana-dataset/hiragana_images/kanaU13.jpg,U
hiragana-dataset/hiragana_images/kanaU14.jpg,U
hiragana-dataset/hiragana_images/kanaU15.jpg,U
hiragana-dataset/hiragana_images/kanaU16.jpg,U
hiragana-dataset/hiragana_images/kanaU17.jpg,U
hiragana-dataset/hiragana_images/kanaU18.jpg,U
hiragana-dataset/hiragana_images/kanaU19.jpg,U
hiragana-dataset/hiragana_images/kanaU2.jpg,U
hiragana-dataset/hiragana_images/kanaU3.jpg,U
hiragana-dataset/hiragana_images/kanaU4.jpg,U
hiragana-dataset/hiragana_images/kanaU5.jpg,U
hiragana-dataset/hiragana_images/kanaU6.jpg,U
hiragana-dataset/hiragana_images/kanaU7.jpg,U
hiragana-dataset/hiragana_images/kanaU8.jpg,U
hiragana-dataset/hiragana_images/kanaU9.jpg,U
hiragana-dataset/hiragana_images/kanaWA0.jpg,WA
hiragana-dataset/hiragana_images/kanaWA1.jpg,WA
hiragana-dataset/hiragana_images/kanaWA10.jpg,WA
hiragana-dataset/hiragana_images/kanaWA11.jpg,WA
hiragana-dataset/hiragana_images/kanaWA12.jpg,WA
hiragana-dataset/hiragana_images/kanaWA13.jpg,WA
hiragana-dataset/hiragana_images/kanaWA14.jpg,WA
hiragana-dataset/hiragana_images/kanaWA15.jpg,WA
hiragana-dataset/hiragana_images/kanaWA16.jpg,WA
hiragana-dataset/hiragana_images/kanaWA17.jpg,WA
hiragana-dataset/hiragana_images/kanaWA18.jpg,WA
hiragana-dataset/hiragana_images/kanaWA19.jpg,WA
hiragana-dataset/hiragana_images/kanaWA2.jpg,WA
hiragana-dataset/hiragana_images/kanaWA3.jpg,WA
hiragana-dataset/hiragana_images/kanaWA4.jpg,WA
hiragana-dataset/hiragana_images/kanaWA5.jpg,WA
hiragana-dataset/hiragana_images/kanaWA6.jpg,WA
hiragana-dataset/hiragana_images/kanaWA7.jpg,WA
hiragana-dataset/hiragana_images/kanaWA8.jpg,WA
hiragana-dataset/hiragana_images/kanaWA9.jpg,WA
hiragana-dataset/hiragana_images/kanaWO0.jpg,WO
hiragana-dataset/hiragana_images/kanaWO1.jpg,WO
hiragana-dataset/hiragana_images/kanaWO10.jpg,WO
hiragana-dataset/hiragana_images/kanaWO11.jpg,WO
hiragana-dataset/hiragana_images/kanaWO12.jpg,WO
hiragana-dataset/hiragana_images/kanaWO13.jpg,WO
hiragana-dataset/hiragana_images/kanaWO14.jpg,WO
hiragana-dataset/hiragana_images/kanaWO15.jpg,WO
hiragana-dataset/hiragana_images/kanaWO16.jpg,WO
hiragana-dataset/hiragana_images/kanaWO17.jpg,WO
hiragana-dataset/hiragana_images/kanaWO18.jpg,WO
hiragana-dataset/hiragana_images/kanaWO19.jpg,WO
hiragana-dataset/hiragana_images/kanaWO2.jpg,WO
hiragana-dataset/hiragana_images/kanaWO3.jpg,WO
hiragana-dataset/hiragana_images/kanaWO4.jpg,WO
hiragana-dataset/hiragana_images/kanaWO5.jpg,WO
hiragana-dataset/hiragana_images/kanaWO6.jpg,WO
hiragana-dataset/hiragana_images/kanaWO7.jpg,WO
hiragana-dataset/hiragana_images/kanaWO8.jpg,WO
hiragana-dataset/hiragana_images/kanaWO9.jpg,WO
hiragana-dataset/hiragana_images/kanaYA0.jpg,YA
hiragana-dataset/hiragana_images/kanaYA1.jpg,YA
hiragana-dataset/hiragana_images/kanaYA10.jpg,YA
hiragana-dataset/hiragana_images/kanaYA11.jpg,YA
hiragana-dataset/hiragana_images/kanaYA12.jpg,YA
hiragana-dataset/hiragana_images/kanaYA13.jpg,YA
hiragana-dataset/hiragana_images/kanaYA14.jpg,YA
hiragana-dataset/hiragana_images/kanaYA15.jpg,YA
hiragana-dataset/hiragana_images/kanaYA16.jpg,YA
hiragana-dataset/hiragana_images/kanaYA17.jpg,YA
hiragana-dataset/hiragana_images/kanaYA18.jpg,YA
hiragana-dataset/hiragana_images/kanaYA19.jpg,YA
hiragana-dataset/hiragana_images/kanaYA2.jpg,YA
hiragana-dataset/hiragana_images/kanaYA3.jpg,YA
hiragana-dataset/hiragana_images/kanaYA4.jpg,YA
hiragana-dataset/hiragana_images/kanaYA5.jpg,YA
hiragana-dataset/hiragana_images/kanaYA6.jpg,YA
hiragana-dataset/hiragana_images/kanaYA7.jpg,YA
hiragana-dataset/hiragana_images/kanaYA8.jpg,YA
hiragana-dataset/hiragana_images/kanaYA9.jpg,YA
hiragana-dataset/hiragana_images/kanaYO0.jpg,YO
hiragana-dataset/hiragana_images/kanaYO1.jpg,YO
hiragana-dataset/hiragana_images/kanaYO10.jpg,YO
hiragana-dataset/hiragana_images/kanaYO11.jpg,YO
hiragana-dataset/hiragana_images/kanaYO12.jpg,YO
hiragana-dataset/hiragana_images/kanaYO13.jpg,YO
hiragana-dataset/hiragana_images/kanaYO14.jpg,YO
hiragana-dataset/hiragana_images/kanaYO15.jpg,YO
hiragana-dataset/hiragana_images/kanaYO16.jpg,YO
hiragana-dataset/hiragana_images/kanaYO17.jpg,YO
hiragana-dataset/hiragana_images/kanaYO18.jpg,YO
hiragana-dataset/hiragana_images/kanaYO19.jpg,YO
hiragana-dataset/hiragana_images/kanaYO2.jpg,YO
hiragana-dataset/hiragana_images/kanaYO3.jpg,YO
hiragana-dataset/hiragana_images/kanaYO4.jpg,YO
hiragana-dataset/hiragana_images/kanaYO5.jpg,YO
hiragana-dataset/hiragana_images/kanaYO6.jpg,YO
hiragana-dataset/hiragana_images/kanaYO7.jpg,YO
hiragana-dataset/hiragana_images/kanaYO8.jpg,YO
hiragana-dataset/hiragana_images/kanaYO9.jpg,YO
hiragana-dataset/hiragana_images/kanaYU0.jpg,YU
hiragana-dataset/hiragana_images/kanaYU1.jpg,YU
hiragana-dataset/hiragana_images/kanaYU10.jpg,YU
hiragana-dataset/hiragana_images/kanaYU11.jpg,YU
hiragana-dataset/hiragana_images/kanaYU12.jpg,YU
hiragana-dataset/hiragana_images/kanaYU13.jpg,YU
hiragana-dataset/hiragana_images/kanaYU14.jpg,YU
hiragana-dataset/hiragana_images/kanaYU15.jpg,YU
hiragana-dataset/hiragana_images/kanaYU16.jpg,YU
hiragana-dataset/hiragana_images/kanaYU17.jpg,YU
hiragana-dataset/hiragana_images/kanaYU18.jpg,YU
hiragana-dataset/hiragana_images/kanaYU19.jpg,YU
hiragana-dataset/hiragana_images/kanaYU2.jpg,YU
hiragana-dataset/hiragana_images/kanaYU3.jpg,YU
hiragana-dataset/hiragana_images/kanaYU4.jpg,YU
hiragana-dataset/hiragana_images/kanaYU5.jpg,YU
hiragana-dataset/hiragana_images/kanaYU6.jpg,YU
hiragana-dataset/hiragana_images/kanaYU7.jpg,YU
hiragana-dataset/hiragana_images/kanaYU8.jpg,YU
hiragana-dataset/hiragana_images/kanaYU9.jpg,YU
